{
  "author": {
    "email": "satcovid1@ddc.mail.go.th",
    "name": "กรมควบคุมโรค"
  },
  "description": "รายงานผู้ป่วยยืนยันประจำวัน จาก กรมควบคุมโรค\r\n\r\nสามารถติดตามสถานการณ์ได้ที่ https://ddc.moph.go.th/viralpneumonia และ API : https://covid19.ddc.moph.go.th/\r\n\r\nข้อมูลผู้ติดเชื้อรายเคสจะมีจำนวนไม่เท่ากับยอดรายงานผลรวมในปัจจุบัน เพราะกรมควบคุมโรคต้องดำเนินการตรวจสอบข้อมูลในรายเคสให้มีถูกต้องก่อนทำการเผยแพร่ ซึ่งการใช้งาน API ของ สพร หรือ API ของกรมควบคุมโรค จะเป็นยอดจำนวนผู้ติดเชื้อที่น้อยกว่ายอดรวมปัจจุบัน \r\n\"รายงาน COVID-19 ประจำวัน ข้อมูลประจำประเทศไทย\"",
  "keywords": [
    "COVID-19",
    "COVID19",
    "สาธารณสุข",
    "โควิด",
    "โคโรน่า",
    "โรคติดต่อ"
  ],
  "license": {
    "title": "DGA Open Government License",
    "type": "ogl"
  },
  "name": "covid-19-daily",
  "resources": [
    {
      "format": "XLSX",
      "name": "raayngaancchamnwnphuutidechuue-covid-19-pracchamwanerimtangaetwanthii-27-tulaakhm-2564",
      "path": "raayngaancchamnwnphuutidechuue-covid-19-pracchamwanerimtangaetwanthii-27-tulaakhm-2564.xlsx",
      "schema": {
        "fields": [
          {
            "name": "No.",
            "type": "number"
          },
          {
            "name": "announce_date",
            "type": "datetime"
          },
          {
            "name": "Notified date",
            "type": "datetime"
          },
          {
            "name": "sex",
            "type": "string"
          },
          {
            "name": "age",
            "type": "number"
          },
          {
            "name": "Unit",
            "type": "string"
          },
          {
            "name": "nationality",
            "type": "string"
          },
          {
            "name": "province_of_isolation",
            "type": "string"
          },
          {
            "name": "risk",
            "type": "string"
          },
          {
            "name": "province_of_onset",
            "type": "string"
          },
          {
            "name": "district_of_onset",
            "type": "string"
          }
        ]
      },
      "sources": [
        {
          "path": "https://data.go.th/dataset/8a956917-436d-4afd-a2d4-59e4dd8e906e/resource/1c2f6045-c600-410a-995c-a37a88594ab4/download/confirmed-cases-since-271064.xlsx",
          "title": "รายงานจำนวนผู้ติดเชื้อ COVID-19 ประจำวันเริ่มตั้งแต่วันที่ 27 ตุลาคม 2564"
        }
      ],
      "title": "รายงานจำนวนผู้ติดเชื้อ COVID-19 ประจำวันเริ่มตั้งแต่วันที่ 27 ตุลาคม 2564"
    },
    {
      "format": "XLSX",
      "name": "raayngaancchamnwnphuutidechuue-covid-19-pracchamwanerimtangaetwanthii-12-singhaakhm-2564",
      "path": "raayngaancchamnwnphuutidechuue-covid-19-pracchamwanerimtangaetwanthii-12-singhaakhm-2564.xlsx",
      "schema": {
        "fields": [
          {
            "name": "No.",
            "type": "number"
          },
          {
            "name": "announce_date",
            "type": "datetime"
          },
          {
            "name": "Notified date",
            "type": "datetime"
          },
          {
            "name": "sex",
            "type": "string"
          },
          {
            "name": "age",
            "type": "number"
          },
          {
            "name": "Unit",
            "type": "string"
          },
          {
            "name": "nationality",
            "type": "string"
          },
          {
            "name": "province_of_isolation",
            "type": "string"
          },
          {
            "name": "risk",
            "type": "string"
          },
          {
            "name": "province_of_onset",
            "type": "string"
          },
          {
            "name": "district_of_onset",
            "type": "string"
          }
        ]
      },
      "sources": [
        {
          "path": "https://data.go.th/dataset/8a956917-436d-4afd-a2d4-59e4dd8e906e/resource/87abdf57-7edd-4864-9766-7bb0e87272f9/download/confirmed-cases-since-120864.xlsx",
          "title": "รายงานจำนวนผู้ติดเชื้อ COVID-19 ประจำวันเริ่มตั้งแต่วันที่ 12 สิงหาคม 2564"
        }
      ],
      "title": "รายงานจำนวนผู้ติดเชื้อ COVID-19 ประจำวันเริ่มตั้งแต่วันที่ 12 สิงหาคม 2564"
    },
    {
      "format": "XLSX",
      "name": "raayngaancchamnwnphuutidechuue-covid-19-pracchamwan",
      "path": "raayngaancchamnwnphuutidechuue-covid-19-pracchamwan.xlsx",
      "schema": {
        "fields": [
          {
            "name": "No.",
            "type": "number"
          },
          {
            "name": "announce_date",
            "type": "datetime"
          },
          {
            "name": "Notified date",
            "type": "datetime"
          },
          {
            "name": "sex",
            "type": "string"
          },
          {
            "name": "age",
            "type": "number"
          },
          {
            "name": "Unit",
            "type": "string"
          },
          {
            "name": "nationality",
            "type": "string"
          },
          {
            "name": "province_of_isolation",
            "type": "string"
          },
          {
            "name": "risk",
            "type": "string"
          },
          {
            "name": "province_of_onset",
            "type": "string"
          },
          {
            "name": "district_of_onset",
            "type": "string"
          }
        ]
      },
      "sources": [
        {
          "path": "https://data.go.th/dataset/8a956917-436d-4afd-a2d4-59e4dd8e906e/resource/67d43695-8626-45ad-9094-dabc374925ab/download/confirmed-cases.xlsx",
          "title": "รายงานจำนวนผู้ติดเชื้อ COVID-19 ประจำวัน"
        }
      ],
      "title": "รายงานจำนวนผู้ติดเชื้อ COVID-19 ประจำวัน"
    },
    {
      "format": "CSV",
      "name": "raayngaancchamnwnphuutidechuue-covid-19-pracchamwanerimtangaetwanthii-27-tulaakhm-25640",
      "path": "raayngaancchamnwnphuutidechuue-covid-19-pracchamwanerimtangaetwanthii-27-tulaakhm-25640.csv",
      "schema": {
        "fields": [
          {
            "name": "No.",
            "type": "number"
          },
          {
            "name": "announce_date",
            "type": "datetime"
          },
          {
            "name": "Notified date",
            "type": "datetime"
          },
          {
            "name": "sex",
            "type": "string"
          },
          {
            "name": "age",
            "type": "number"
          },
          {
            "name": "Unit",
            "type": "string"
          },
          {
            "name": "nationality",
            "type": "string"
          },
          {
            "name": "province_of_isolation",
            "type": "string"
          },
          {
            "name": "risk",
            "type": "string"
          },
          {
            "name": "province_of_onset",
            "type": "string"
          },
          {
            "name": "district_of_onset",
            "type": "string"
          }
        ]
      },
      "sources": [
        {
          "path": "https://data.go.th/dataset/8a956917-436d-4afd-a2d4-59e4dd8e906e/resource/83373e0f-e2f4-43ce-af08-a50b3ac2a013/download/confirmed-cases-since-271064.csv",
          "title": "รายงานจำนวนผู้ติดเชื้อ COVID-19 ประจำวันเริ่มตั้งแต่วันที่ 27 ตุลาคม 2564"
        }
      ],
      "title": "รายงานจำนวนผู้ติดเชื้อ COVID-19 ประจำวันเริ่มตั้งแต่วันที่ 27 ตุลาคม 2564"
    },
    {
      "format": "CSV",
      "name": "raayngaancchamnwnphuutidechuue-covid-19-pracchamwanerimtangaetwanthii-12-singhaakhm-25640",
      "path": "raayngaancchamnwnphuutidechuue-covid-19-pracchamwanerimtangaetwanthii-12-singhaakhm-25640.csv",
      "schema": {
        "fields": [
          {
            "name": "No.",
            "type": "number"
          },
          {
            "name": "announce_date",
            "type": "datetime"
          },
          {
            "name": "Notified date",
            "type": "datetime"
          },
          {
            "name": "sex",
            "type": "string"
          },
          {
            "name": "age",
            "type": "number"
          },
          {
            "name": "Unit",
            "type": "string"
          },
          {
            "name": "nationality",
            "type": "string"
          },
          {
            "name": "province_of_isolation",
            "type": "string"
          },
          {
            "name": "risk",
            "type": "string"
          },
          {
            "name": "province_of_onset",
            "type": "string"
          },
          {
            "name": "district_of_onset",
            "type": "string"
          }
        ]
      },
      "sources": [
        {
          "path": "https://data.go.th/dataset/8a956917-436d-4afd-a2d4-59e4dd8e906e/resource/026c8d31-0d51-49b7-9dc2-8373e7cef440/download/confirmed-cases-since-120864.csv",
          "title": "รายงานจำนวนผู้ติดเชื้อ COVID-19 ประจำวันเริ่มตั้งแต่วันที่ 12 สิงหาคม 2564"
        }
      ],
      "title": "รายงานจำนวนผู้ติดเชื้อ COVID-19 ประจำวันเริ่มตั้งแต่วันที่ 12 สิงหาคม 2564"
    },
    {
      "format": "CSV",
      "name": "raayngaancchamnwnphuutidechuue-covid-19-pracchamwan0",
      "path": "raayngaancchamnwnphuutidechuue-covid-19-pracchamwan0.csv",
      "schema": {
        "fields": [
          {
            "name": "No.",
            "type": "number"
          },
          {
            "name": "announce_date",
            "type": "datetime"
          },
          {
            "name": "Notified date",
            "type": "datetime"
          },
          {
            "name": "sex",
            "type": "string"
          },
          {
            "name": "age",
            "type": "string"
          },
          {
            "name": "Unit",
            "type": "string"
          },
          {
            "name": "nationality",
            "type": "string"
          },
          {
            "name": "province_of_isolation",
            "type": "string"
          },
          {
            "name": "risk",
            "type": "string"
          },
          {
            "name": "province_of_onset",
            "type": "string"
          },
          {
            "name": "district_of_onset",
            "type": "string"
          }
        ]
      },
      "sources": [
        {
          "path": "https://data.go.th/dataset/8a956917-436d-4afd-a2d4-59e4dd8e906e/resource/be19a8ad-ab48-4081-b04a-8035b5b2b8d6/download/confirmed-cases.csv",
          "title": "รายงานจำนวนผู้ติดเชื้อ COVID-19 ประจำวัน"
        }
      ],
      "title": "รายงานจำนวนผู้ติดเชื้อ COVID-19 ประจำวัน"
    },
    {
      "format": "XLSX",
      "name": "covid-19-daily-data-dictionary",
      "path": "covid-19-daily-data-dictionary.xlsx",
      "schema": {
        "fields": [
          {
            "name": "attribute",
            "type": "string"
          },
          {
            "name": "data_type",
            "type": "string"
          },
          {
            "name": "description",
            "type": "string"
          },
          {
            "name": "data_scope",
            "type": "string"
          },
          {
            "name": "data_size",
            "type": "string"
          },
          {
            "name": "mandatory_field",
            "type": "string"
          },
          {
            "name": "characteristic",
            "type": "string"
          },
          {
            "name": "data_format",
            "type": "string"
          }
        ]
      },
      "sources": [
        {
          "path": "https://data.go.th/dataset/8a956917-436d-4afd-a2d4-59e4dd8e906e/resource/402c7fd6-31a5-41b4-ab86-5257550ecaf0/download/covid-19-daily_data_dictionary.xlsx",
          "title": "covid-19-daily_data_dictionary"
        }
      ],
      "title": "covid-19-daily_data_dictionary"
    }
  ],
  "title": "รายงาน COVID-19 ประจำวัน ข้อมูลประจำประเทศไทย"
}